﻿<?xml version="1.0" encoding="UTF-8" standalone="yes"?>
<addon id="repository.gomioa" name="gominoa's XBMC Addons" version="0.1.0" provider-name="gominoa">
	<extension point="xbmc.addon.repository" name="gominoa's XBMC Addon Repository">
		<info compressed="false">http://raw.github.com/gominoa/gominoa-xbmc-addons/master/addons.xml</info>
		<checksum>http://raw.github.com/gominoa/gominoa-xbmc-addons/master/addons.xml.md5</checksum>
		<datadir zip="true">http://raw.github.com/gominoa/gominoa-xbmc-addons/master/repo</datadir>
	</extension>
	<extension point="xbmc.addon.metadata">
		<summary lang="en">Install gominoaa's Addons</summary>
		<description lang="en">Download and install addons by gominoa</description>
		<platform>all</platform>
	</extension>
</addon>
